id,nama,bidang_kerja_id,email,password
1,Madeline Moses,1,madelinemoses@gmail.com,madeline123
2,Marny Nixon,2,marnynixon3989@gmail.com,marrnycantik
3,Karen Winters,2,karenwinters@gmail.com,admin123
4,Ferris Norton,1,ferrisnorton@gmail.com,rabusehat
5,Cynthia Walls,1,cynthiawalls8226@gmail.com,mantanterindah
6,Lareina Livingston,1,lareinalivingston@gmail.com,ibusayang
7,Janna Travis,1,jannatravis@gmail.com,kitakita
8,Oleg Little,1,oleglittle8978@gmail.com,oleg23
9,Islam Daniel,1,islamdaniel@gmail.com,Islamdamai
10,Hanna Wilkins,1,hannawilkins202@gmail.com,wikipedia123
11,Naida Spencer,1,naidaspencer429@gmail.com,mbdmatkulkeren
12,Claire Bolton,1,clairebolton@gmail.com,itssurabaya
13,September Larsen,1,septemberlarsen8514@gmail.com,januari
14,Branden Graves,1,brandengraves@gmail.com,inipassword
15,Mara Horn,1,marahorn1322@gmail.com,Password123